{
  "smas": [
    5,
    13,
    21,
    55,
    144
  ],
  "regimes": {
    "BULL": {
      "active": true,
      "opp_samples": 91,
      "thr_samples": 40,
      "buy_rules": {
        "stretching": {
          "mean": 2.260842809437909
        },
        "stretching_exit": {
          "mean": 3.2808776831276467
        },
        "mola": {
          "mean": 2.7180477400011047
        },
        "mola_exit": {
          "mean": 3.9137820126828315
        },
        "disp": {
          "mean": 4.929529033639606
        },
        "disp_exit": {
          "mean": 6.992416452373596
        },
        "velocity": {
          "mean": 1.5358086900819246
        },
        "velocity_exit": {
          "mean": -1.1469515683867642
        },
        "acceleration": {
          "mean": 0.5269066680146951
        },
        "acceleration_exit": {
          "mean": -0.36851299617740846
        },
        "volatility": {
          "mean": 3.1525002008198864
        },
        "volatility_exit": {
          "mean": 2.8756797274236794
        },
        "infil": {
          "rate": 91.20879120879121,
          "active": true
        },
        "infil_exit": {
          "mean": 0.0
        },
        "reteste": {
          "rate": 1.098901098901099,
          "active": false
        },
        "reteste_exit": {
          "mean": 1.098901098901099
        },
        "rsi": {
          "mean": 61.99386937858098
        },
        "rsi_exit": {
          "mean": 43.60558794426565
        },
        "bb": {
          "mean": 84.0672914284372
        },
        "bb_exit": {
          "mean": 32.35490747813369
        },
        "macd": {
          "mean": 0.3650168449901361
        },
        "macd_exit": {
          "mean": -0.9341963039792446
        },
        "atr": {
          "mean": 1.8190051413284631
        },
        "atr_exit": {
          "mean": 1.9167754333070508
        }
      },
      "sell_rules": {
        "stretching": {
          "mean": 2.575430889696515
        },
        "stretching_exit": {
          "mean": 2.0125599966051686
        },
        "mola": {
          "mean": 3.06175
        },
        "mola_exit": {
          "mean": 2.463158502097879
        },
        "disp": {
          "mean": 5.469250000000001
        },
        "disp_exit": {
          "mean": 2.4848928194818085
        },
        "velocity": {
          "mean": 3.433010118650863
        },
        "velocity_exit": {
          "mean": -3.184060060602343
        },
        "acceleration": {
          "mean": 0.8934446307684596
        },
        "acceleration_exit": {
          "mean": -0.9425483739335775
        },
        "volatility": {
          "mean": 12.629342267432829
        },
        "volatility_exit": {
          "mean": 11.251521354530345
        },
        "infil": {
          "rate": 0.0,
          "active": false
        },
        "infil_exit": {
          "mean": 60.0
        },
        "reteste": {
          "rate": 2.4999999999999996,
          "active": false
        },
        "reteste_exit": {
          "mean": 57.5
        },
        "rsi": {
          "mean": 74.32910648313467
        },
        "rsi_exit": {
          "mean": 32.423069954925325
        },
        "bb": {
          "mean": 94.0732535326691
        },
        "bb_exit": {
          "mean": 10.075995159075111
        },
        "macd": {
          "mean": 1.351279391939728
        },
        "macd_exit": {
          "mean": -3.0377565597410903
        },
        "atr": {
          "mean": 4.615521424258797
        },
        "atr_exit": {
          "mean": 4.690351824428078
        }
      }
    },
    "BEAR": {
      "active": true,
      "opp_samples": 19,
      "thr_samples": 29,
      "buy_rules": {
        "stretching": {
          "mean": 4.754338885399304
        },
        "stretching_exit": {
          "mean": 3.910312818825152
        },
        "mola": {
          "mean": 5.404210526315789
        },
        "mola_exit": {
          "mean": 4.860304819741353
        },
        "disp": {
          "mean": -10.00157894736842
        },
        "disp_exit": {
          "mean": -5.110503528027789
        },
        "velocity": {
          "mean": -3.71045175106941
        },
        "velocity_exit": {
          "mean": 4.474923732794406
        },
        "acceleration": {
          "mean": -0.3990376539870166
        },
        "acceleration_exit": {
          "mean": 0.8539952121190759
        },
        "volatility": {
          "mean": 18.473793218137935
        },
        "volatility_exit": {
          "mean": 12.776766873070738
        },
        "infil": {
          "rate": 0.0,
          "active": false
        },
        "infil_exit": {
          "mean": 52.63157894736842
        },
        "reteste": {
          "rate": 10.526315789473685,
          "active": false
        },
        "reteste_exit": {
          "mean": 31.57894736842105
        },
        "rsi": {
          "mean": 21.150740286506874
        },
        "rsi_exit": {
          "mean": 72.52798935494192
        },
        "bb": {
          "mean": 7.002050778944686
        },
        "bb_exit": {
          "mean": 96.36291167568912
        },
        "macd": {
          "mean": -1.621063062140544
        },
        "macd_exit": {
          "mean": 3.9449727195426147
        },
        "atr": {
          "mean": 5.213470361847625
        },
        "atr_exit": {
          "mean": 5.086247339779695
        }
      },
      "sell_rules": {
        "stretching": {
          "mean": 2.2826963108291576
        },
        "stretching_exit": {
          "mean": 3.8105165770343303
        },
        "mola": {
          "mean": 2.7289592449756657
        },
        "mola_exit": {
          "mean": 4.527796626165894
        },
        "disp": {
          "mean": -4.546632906352043
        },
        "disp_exit": {
          "mean": -6.856577391391703
        },
        "velocity": {
          "mean": -1.7447102524617595
        },
        "velocity_exit": {
          "mean": 2.0545267638041023
        },
        "acceleration": {
          "mean": 0.02059745304764396
        },
        "acceleration_exit": {
          "mean": 0.6979483187854983
        },
        "volatility": {
          "mean": 4.418015100848681
        },
        "volatility_exit": {
          "mean": 4.268013565768462
        },
        "infil": {
          "rate": 68.96551724137932,
          "active": true
        },
        "infil_exit": {
          "mean": 0.0
        },
        "reteste": {
          "rate": 3.4482758620689653,
          "active": false
        },
        "reteste_exit": {
          "mean": 13.793103448275861
        },
        "rsi": {
          "mean": 41.55515017430261
        },
        "rsi_exit": {
          "mean": 65.13235163126916
        },
        "bb": {
          "mean": 26.229200141283506
        },
        "bb_exit": {
          "mean": 87.5050879116735
        },
        "macd": {
          "mean": -0.3098321570717714
        },
        "macd_exit": {
          "mean": 1.5376120632597747
        },
        "atr": {
          "mean": 2.6880109888414507
        },
        "atr_exit": {
          "mean": 2.253664049955153
        }
      }
    },
    "LATERAL": {
      "active": true,
      "opp_samples": 238,
      "thr_samples": 342,
      "buy_rules": {
        "stretching": {
          "mean": 0.7831884792387822
        },
        "stretching_exit": {
          "mean": 1.2039628351943905
        },
        "mola": {
          "mean": 0.9513756297805341
        },
        "mola_exit": {
          "mean": 1.424905053567101
        },
        "disp": {
          "mean": 0.48177105300965656
        },
        "disp_exit": {
          "mean": 2.7896164151803933
        },
        "velocity": {
          "mean": -0.46927521040809017
        },
        "velocity_exit": {
          "mean": 0.5359864143106161
        },
        "acceleration": {
          "mean": -0.329514289844271
        },