{
  "Didatico classico ruido5": {
    "test_name": "Didatico classico ruido5",
    "timestamp": "2026-05-28 15:49",
    "smas": [
      5,
      13,
      21,
      55,
      144
    ],
    "regimes": {
      "Todos": {
        "opp_count": 50,
        "thr_count": 60,
        "opp_stats": {
          "acc_mean": -1.5791401842559822,
          "acc_std": 2.746522005649701,
          "strt_mean": 2.541413126083535,
          "strt_std": 1.682866030961207,
          "mola_mean": 3.061200000000001,
          "disp_mean": -0.9502000000000002,
          "infil_rate": 0.0,
          "reteste_rate": 14.000000000000002
        },
        "thr_stats": {
          "acc_mean": 1.565615863195713,
          "acc_std": 2.864785742243419,
          "strt_mean": 2.476162964236813,
          "strt_std": 1.5573363628654902,
          "mola_mean": 2.981,
          "disp_mean": 3.120833333333333,
          "infil_rate": 3.3333333333333335,
          "reteste_rate": 11.666666666666666
        }
      },
      "BULL": {
        "opp_count": 0,
        "thr_count": 24,
        "opp_stats": {},
        "thr_stats": {
          "acc_mean": 1.7546707083286748,
          "acc_std": 2.722845955416893,
          "strt_mean": 2.6154615527907015,
          "strt_std": 1.4464446842393095,
          "mola_mean": 3.0416666666666665,
          "disp_mean": 8.67,
          "infil_rate": 0.0,
          "reteste_rate": 0.0
        }
      },
      "BEAR": {
        "opp_count": 16,
        "thr_count": 0,
        "opp_stats": {
          "acc_mean": -1.7915709476584212,
          "acc_std": 2.9910623427468397,
          "strt_mean": 3.730977710909409,
          "strt_std": 2.0123482448308794,
          "mola_mean": 4.3925,
          "disp_mean": -10.305625,
          "infil_rate": 0.0,
          "reteste_rate": 0.0
        },
        "thr_stats": {}
      },
      "LATERAL": {
        "opp_count": 15,
        "thr_count": 12,
        "opp_stats": {
          "acc_mean": -1.7081239045898806,
          "acc_std": 2.1981726960036667,
          "strt_mean": 1.5725630237596009,
          "strt_std": 0.9476710184860112,
          "mola_mean": 1.9273333333333336,
          "disp_mean": 3.5193333333333334,
          "infil_rate": 0.0,
          "reteste_rate": 26.666666666666668
        },
        "thr_stats": {
          "acc_mean": 2.8066650369853128,
          "acc_std": 2.4640266571459266,
          "strt_mean": 1.4563100965154498,
          "strt_std": 0.8346819288169955,
          "mola_mean": 1.7916666666666667,
          "disp_mean": 4.395833333333333,
          "infil_rate": 16.666666666666664,
          "reteste_rate": 25.0
        }
      },
      "CAOTICO": {
        "opp_count": 19,
        "thr_count": 24,
        "opp_stats": {
          "acc_mean": -1.2984218674429557,
          "acc_std": 3.0305174236518235,
          "strt_mean": 2.3045561880648533,
          "strt_std": 1.2397704920933315,
          "mola_mean": 2.8352631578947367,
          "disp_mean": 3.3994736842105264,
          "infil_rate": 0.0,
          "reteste_rate": 15.789473684210526
        },
        "thr_stats": {
          "acc_mean": 0.7560364311679516,
          "acc_std": 3.0348510421882247,
          "strt_mean": 2.8467908095436063,
          "strt_std": 1.7577722461106384,
          "mola_mean": 3.515,
          "disp_mean": -3.0658333333333334,
          "infil_rate": 0.0,
          "reteste_rate": 16.666666666666664
        }
      }
    }
  },
  "Didatico Classico (2026-05-28 20:58:15)": {
    "test_name": "Didatico Classico (2026-05-28 20:58:15)",
    "timestamp": "2026-05-28 20:58",
    "smas": [
      5,
      13,
      21,
      55,
      144
    ],
    "regimes": {
      "Todos": {
        "opp_count": 81,
        "thr_count": 64,
        "opp_stats": {
          "acc_mean": -1.3998201764613922,
          "acc_std": 4.565416588004715,
          "strt_mean": 26.44446681869134,
          "strt_std": 31.593646392080604,
          "mola_mean": 31.247283950617287,
          "disp_mean": -29.491358024691355,
          "infil_rate": 3.7037037037037033,
          "reteste_rate": 12.345679012345679
        },
        "thr_stats": {
          "acc_mean": 2.728038482329885,
          "acc_std": 4.988819171666847,
          "strt_mean": 10.199261541068788,
          "strt_std": 16.279113266242426,
          "mola_mean": 12.0609375,
          "disp_mean": 4.875781249999999,
          "infil_rate": 4.6875,
          "reteste_rate": 12.5
        }
      },
      "BULL": {
        "opp_count": 0,
        "thr_count": 29,
        "opp_stats": {},
        "thr_stats": {
          "acc_mean": 1.1933408651179935,
          "acc_std": 4.07348930165357,
          "strt_mean": 8.47689269038871,
          "strt_std": 10.113572379401585,
          "mola_mean": 9.948275862068966,
          "disp_mean": 28.06586206896552,
          "infil_rate": 0.0,
          "reteste_rate": 0.0
        }
      },
      "BEAR": {
        "opp_count": 27,
        "thr_count": 0,
        "opp_stats": {
          "acc_mean": -1.072330590739108,
          "acc_std": 5.195272706967573,
          "strt_mean": 27.63583305467787,
          "strt_std": 31.54049143614564,
          "mola_mean": 32.54259259259259,
          "disp_mean": -40.10407407407408,
          "infil_rate": 0.0,
          "reteste_rate": 0.0
        },
        "thr_stats": {}
      },
      "LATERAL": {
        "opp_count": 12,
        "thr_count": 8,
        "opp_stats": {
          "acc_mean": -2.0731969222512228,
          "acc_std": 2.531931882622769,
          "strt_mean": 1.1519171737476466,
          "strt_std": 0.7474373576148873,
          "mola_mean": 1.3575000000000002,
          "disp_mean": 0.8266666666666667,
          "infil_rate": 8.333333333333332,
          "reteste_rate": 41.66666666666667
        },
        "thr_stats": {
          "acc_mean": 1.0687879563815272,
          "acc_std": 1.2820252437581119,
          "strt_mean": 0.5578403947738246,
          "strt_std": 0.15171770050770156,
          "mola_mean": 0.6912499999999999,
          "disp_mean": 0.7862499999999999,
          "infil_rate": 12.5,
          "reteste_rate": 25.0
        }
      },
      "CAOTICO": {
        "opp_count": 42,
        "thr_count": 27,
        "opp_stats": {
          "acc_mean": -1.4179558399143375,
          "acc_std": 4.650758437371338,
          "strt_mean": 32.90503127982678,
          "strt_std": 32.94998191291397,
          "mola_mean": 38.954523809523806,
          "disp_mean": -31.331190476190482,
          "infil_rate": 4.761904761904762,
          "reteste_rate": 11.904761904761903
        },
        "thr_stats": {
          "acc_mean": 4.868047189986616,
          "acc_std": 5.810690740701189,
          "strt_mean": 14.905930646257012,
          "strt_std": 21.841797944821206,
          "mola_mean": 17.698888888888888,
          "disp_mean": -18.82037037037037,
          "infil_rate": 7.4074074074074066,
          "reteste_rate": 22.22222222222222
        }
      }
    }
  },
  "Didatico Classico (2026-05-28 21:07:22)": {
    "test_name": "Didatico Classico (2026-05-28 21:07:22)",
    "timestamp": "2026-05-28 21:07",
    "smas": [
      5,
      13,
      21,
      55,
      144
    ],
    "regimes": {
      "Todos": {
        "opp_count": 52,
        "thr_count": 50,
        "opp_stats": {
          "acc_mean": -2.133127036348941,
          "acc_std": 4.204374017715435,
          "strt_mean": 2.046299986788872,
          "strt_std": 1.5185124327697792,
          "mola_mean": 2.3874999999999997,
          "disp_mean": 0.8628846153846153,
          "infil_rate": 3.8461538461538463,
          "reteste_rate": 36.53846153846153
        },
        "thr_stats": {
          "acc_mean": 2.3824053304894117,
          "acc_std": 4.309728817579203,
          "strt_mean": 2.3290504918591215,
          "strt_std": 1.423999780744061,
          "mola_mean": 2.7329999999999997,
          "disp_mean": 4.4756,
          "infil_rate": 4.0,