{
  "smas": [
    3,
    8,
    21,
    34,
    55
  ],
  "regimes": {
    "BULL": {
      "active": true,
      "opp_samples": 5,
      "thr_samples": 1148,
      "buy_rules": {
        "stretching": {
          "mean": 0.7637050799876322
        },
        "stretching_exit": {
          "mean": 0.8188138879286555
        },
        "mola": {
          "mean": 0.9039999999999999
        },
        "mola_exit": {
          "mean": 0.9672321417554061
        },
        "disp": {
          "mean": 2.528
        },
        "disp_exit": {
          "mean": 2.8487424005545963
        },
        "velocity": {
          "mean": 0.4963127731640654
        },
        "velocity_exit": {
          "mean": 3.11670608116888
        },
        "acceleration": {
          "mean": -0.2964478564329582
        },
        "acceleration_exit": {
          "mean": 1.5643759324692836
        },
        "volatility": {
          "mean": 3.2305237492997625
        },
        "volatility_exit": {
          "mean": 3.003322297188709
        },
        "infil": {
          "rate": 0.0,
          "active": false
        },
        "infil_exit": {
          "mean": 0.0
        },
        "reteste": {
          "rate": 80.0,
          "active": true
        },
        "reteste_exit": {
          "mean": 0.0
        },
        "rsi": {
          "mean": 48.35531954944987
        },
        "rsi_exit": {
          "mean": 64.11448630492069
        },
        "bb": {
          "mean": 42.37948013523364
        },
        "bb_exit": {
          "mean": 104.4577265548783
        },
        "macd": {
          "mean": -0.5533296772469634
        },
        "macd_exit": {
          "mean": 0.3710487278185225
        },
        "atr": {
          "mean": 1.8363204078694733
        },
        "atr_exit": {
          "mean": 1.878576067007144
        }
      },
      "sell_rules": {
        "stretching": {
          "mean": 1.0807410910027904
        },
        "stretching_exit": {
          "mean": 0.6748778071068569
        },
        "mola": {
          "mean": 1.2219076655052266
        },
        "mola_exit": {
          "mean": 0.769276065082882
        },
        "disp": {
          "mean": 3.2898954703832746
        },
        "disp_exit": {
          "mean": -0.19181463654585923
        },
        "velocity": {
          "mean": 1.7952713697149507
        },
        "velocity_exit": {
          "mean": -1.6685322300422543
        },
        "acceleration": {
          "mean": 0.5541739488276233
        },
        "acceleration_exit": {
          "mean": -0.6984861596065746
        },
        "volatility": {
          "mean": 3.117406233595731
        },
        "volatility_exit": {
          "mean": 2.5831100307606256
        },
        "infil": {
          "rate": 0.0,
          "active": false
        },
        "infil_exit": {
          "mean": 62.97909407665505
        },
        "reteste": {
          "rate": 0.4355400696864112,
          "active": false
        },
        "reteste_exit": {
          "mean": 45.55749128919861
        },
        "rsi": {
          "mean": 74.05765611635023
        },
        "rsi_exit": {
          "mean": 34.86449577738109
        },
        "bb": {
          "mean": 96.97864917050791
        },
        "bb_exit": {
          "mean": 10.172576706834551
        },
        "macd": {
          "mean": 0.45194961914330634
        },
        "macd_exit": {
          "mean": -0.6316867908115696
        },
        "atr": {
          "mean": 1.2824576857032597
        },
        "atr_exit": {
          "mean": 1.2739372962399054
        }
      }
    },
    "BEAR": {
      "active": true,
      "opp_samples": 965,
      "thr_samples": 2,
      "buy_rules": {
        "stretching": {
          "mean": 1.1076875131316861
        },
        "stretching_exit": {
          "mean": 0.7119941199571997
        },
        "mola": {
          "mean": 1.2491917098445597
        },
        "mola_exit": {
          "mean": 0.8074863492808453
        },
        "disp": {
          "mean": -3.213782383419689
        },
        "disp_exit": {
          "mean": 0.38824512293365654
        },
        "velocity": {
          "mean": -1.4532695842857248
        },
        "velocity_exit": {
          "mean": 1.5021011721285238
        },
        "acceleration": {
          "mean": -0.4611161676172482
        },
        "acceleration_exit": {
          "mean": 0.5082603455464614
        },
        "volatility": {
          "mean": 2.7601207644768473
        },
        "volatility_exit": {
          "mean": 2.3310924216210505
        },
        "infil": {
          "rate": 0.0,
          "active": false
        },
        "infil_exit": {
          "mean": 66.52849740932642
        },
        "reteste": {
          "rate": 0.0,
          "active": false
        },
        "reteste_exit": {
          "mean": 42.69430051813472
        },
        "rsi": {
          "mean": 25.877466521845566
        },
        "rsi_exit": {
          "mean": 66.81274188076303
        },
        "bb": {
          "mean": 3.8400082318659847
        },
        "bb_exit": {
          "mean": 91.2160741938603
        },
        "macd": {
          "mean": -0.4132146650973512
        },
        "macd_exit": {
          "mean": 0.5874937713762032
        },
        "atr": {
          "mean": 1.1074768217774111
        },
        "atr_exit": {
          "mean": 1.111123973942174
        }
      },
      "sell_rules": {
        "stretching": {
          "mean": 0.7736538566885912
        },
        "stretching_exit": {
          "mean": 0.6069750708192677
        },
        "mola": {
          "mean": 0.855
        },
        "mola_exit": {
          "mean": 0.7666912825784439
        },
        "disp": {
          "mean": -2.19
        },
        "disp_exit": {
          "mean": -2.255023031293039
        },
        "velocity": {
          "mean": -0.6735141305883161
        },
        "velocity_exit": {
          "mean": -4.0096869761552725
        },
        "acceleration": {
          "mean": -0.5347937262016416
        },
        "acceleration_exit": {
          "mean": 0.1405396989151555
        },
        "volatility": {
          "mean": 2.9791105882327735
        },
        "volatility_exit": {
          "mean": 5.945107899632315
        },
        "infil": {
          "rate": 0.0,
          "active": false
        },
        "infil_exit": {
          "mean": 0.0
        },
        "reteste": {
          "rate": 50.0,
          "active": false
        },
        "reteste_exit": {
          "mean": 0.0
        },
        "rsi": {
          "mean": 49.26706773588202
        },
        "rsi_exit": {
          "mean": 31.696816801057764
        },
        "bb": {
          "mean": 62.41536871162491
        },
        "bb_exit": {
          "mean": 6.790936525783149
        },
        "macd": {
          "mean": 0.8371913304745595
        },
        "macd_exit": {
          "mean": -0.7132522318192507
        },
        "atr": {
          "mean": 2.29665490422239
        },
        "atr_exit": {
          "mean": 2.3415168813588596
        }
      }
    },
    "LATERAL": {
      "active": true,
      "opp_samples": 1993,
      "thr_samples": 1830,
      "buy_rules": {
        "stretching": {
          "mean": 0.4465916727345687
        },
        "stretching_exit": {
          "mean": 0.678212328258728
        },
        "mola": {
          "mean": 0.5262267937782238
        },
        "mola_exit": {
          "mean": 0.7757258348702898
        },
        "disp": {
          "mean": -0.15175112895132964
        },
        "disp_exit": {
          "mean": 1.9451923662845223
        },
        "velocity": {
          "mean": -1.5671463051264902
        },
        "velocity_exit": {
          "mean": 1.6937163660403625
        },
        "acceleration": {
          "mean": -0.86400597487115
        },
        "acceleration_exit": {
          "mean": 0.6553847114286437
        },