{
  "smas": [
    5,
    13,
    21,
    55,
    144
  ],
  "regimes": {
    "BULL": {
      "active": true,
      "opp_samples": 46,
      "thr_samples": 14,
      "buy_rules": {
        "stretching": {
          "mean": 2.6629344385639873
        },
        "stretching_exit": {
          "mean": 3.8218665584044578
        },
        "mola": {
          "mean": 3.1920407144322476
        },
        "mola_exit": {
          "mean": 4.556388310888166
        },
        "disp": {
          "mean": 5.794814365360012
        },
        "disp_exit": {
          "mean": 8.187163578665063
        },
        "velocity": {
          "mean": 2.361261443724261
        },
        "velocity_exit": {
          "mean": -1.824301936804007
        },
        "acceleration": {
          "mean": 0.7753999689948649
        },
        "acceleration_exit": {
          "mean": -0.5804829327879996
        },
        "volatility": {
          "mean": 4.811718132288935
        },
        "volatility_exit": {
          "mean": 4.505044629734163
        },
        "infil": {
          "rate": 82.6086956521739,
          "active": true
        },
        "infil_exit": {
          "mean": 0.0
        },
        "reteste": {
          "rate": 2.1739130434782608,
          "active": false
        },
        "reteste_exit": {
          "mean": 2.1739130434782608
        },
        "rsi": {
          "mean": 61.21754304478977
        },
        "rsi_exit": {
          "mean": 42.731989227923684
        },
        "bb": {
          "mean": 82.77646495010185
        },
        "bb_exit": {
          "mean": 29.351342150211003
        },
        "macd": {
          "mean": 0.5542199805176847
        },
        "macd_exit": {
          "mean": -1.451174470091999
        },
        "atr": {
          "mean": 2.717706694296925
        },
        "atr_exit": {
          "mean": 2.878682672171154
        }
      },
      "sell_rules": {
        "stretching": {
          "mean": 2.533707713441696
        },
        "stretching_exit": {
          "mean": 2.0260602608128253
        },
        "mola": {
          "mean": 2.9221428571428567
        },
        "mola_exit": {
          "mean": 2.453112961648512
        },
        "disp": {
          "mean": 6.295714285714285
        },
        "disp_exit": {
          "mean": 1.5013529580941376
        },
        "velocity": {
          "mean": 4.20871103142157
        },
        "velocity_exit": {
          "mean": -3.8302909044937428
        },
        "acceleration": {
          "mean": 1.0716946258297153
        },
        "acceleration_exit": {
          "mean": -0.8679563188873699
        },
        "volatility": {
          "mean": 13.613812272046376
        },
        "volatility_exit": {
          "mean": 12.725802009669044
        },
        "infil": {
          "rate": 0.0,
          "active": false
        },
        "infil_exit": {
          "mean": 50.0
        },
        "reteste": {
          "rate": 0.0,
          "active": false
        },
        "reteste_exit": {
          "mean": 42.857142857142854
        },
        "rsi": {
          "mean": 75.62374164583946
        },
        "rsi_exit": {
          "mean": 34.0015307576668
        },
        "bb": {
          "mean": 95.42422982759044
        },
        "bb_exit": {
          "mean": 10.290397475851858
        },
        "macd": {
          "mean": 1.634003466437584
        },
        "macd_exit": {
          "mean": -3.2994095096840517
        },
        "atr": {
          "mean": 5.448169639424185
        },
        "atr_exit": {
          "mean": 5.429916752446776
        }
      }
    },
    "BEAR": {
      "active": true,
      "opp_samples": 10,
      "thr_samples": 21,
      "buy_rules": {
        "stretching": {
          "mean": 3.071818673132231
        },
        "stretching_exit": {
          "mean": 2.510777273505649
        },
        "mola": {
          "mean": 3.739
        },
        "mola_exit": {
          "mean": 3.0817416270293636
        },
        "disp": {
          "mean": -8.672999999999998
        },
        "disp_exit": {
          "mean": -2.6672879537024157
        },
        "velocity": {
          "mean": -3.0330723461252775
        },
        "velocity_exit": {
          "mean": 4.7868195963432525
        },
        "acceleration": {
          "mean": -0.377326061036581
        },
        "acceleration_exit": {
          "mean": 1.3374788442314525
        },
        "volatility": {
          "mean": 15.676634296904973
        },
        "volatility_exit": {
          "mean": 12.766130565554002
        },
        "infil": {
          "rate": 0.0,
          "active": false
        },
        "infil_exit": {
          "mean": 40.0
        },
        "reteste": {
          "rate": 9.999999999999998,
          "active": false
        },
        "reteste_exit": {
          "mean": 19.999999999999996
        },
        "rsi": {
          "mean": 22.74318423111
        },
        "rsi_exit": {
          "mean": 69.58888049140111
        },
        "bb": {
          "mean": 9.858263232500008
        },
        "bb_exit": {
          "mean": 98.07517974503756
        },
        "macd": {
          "mean": -1.8197878064504192
        },
        "macd_exit": {
          "mean": 3.8104512137801976
        },
        "atr": {
          "mean": 4.854083799860139
        },
        "atr_exit": {
          "mean": 5.785782899517563
        }
      },
      "sell_rules": {
        "stretching": {
          "mean": 2.6240291395359114
        },
        "stretching_exit": {
          "mean": 4.460152146484823
        },
        "mola": {
          "mean": 3.1359454695073095
        },
        "mola_exit": {
          "mean": 5.285737857965561
        },
        "disp": {
          "mean": -5.224249952564506
        },
        "disp_exit": {
          "mean": -8.206498203140784
        },
        "velocity": {
          "mean": -2.0938666936870214
        },
        "velocity_exit": {
          "mean": 2.6013657843713585
        },
        "acceleration": {
          "mean": 0.1120407317899416
        },
        "acceleration_exit": {
          "mean": 0.9058242808262905
        },
        "volatility": {
          "mean": 5.484941231402684
        },
        "volatility_exit": {
          "mean": 5.3283802615908336
        },
        "infil": {
          "rate": 71.42857142857143,
          "active": true
        },
        "infil_exit": {
          "mean": 0.0
        },
        "reteste": {
          "rate": 4.761904761904762,
          "active": false
        },
        "reteste_exit": {
          "mean": 0.0
        },
        "rsi": {
          "mean": 43.188636617239894
        },
        "rsi_exit": {
          "mean": 63.7142255856747
        },
        "bb": {
          "mean": 28.438206788323626
        },
        "bb_exit": {
          "mean": 83.09723332113444
        },
        "macd": {
          "mean": -0.3272489342454599
        },
        "macd_exit": {
          "mean": 1.9532913967435486
        },
        "atr": {
          "mean": 3.358461512952936
        },
        "atr_exit": {
          "mean": 2.796933306270405
        }
      }
    },
    "LATERAL": {
      "active": true,
      "opp_samples": 106,
      "thr_samples": 180,
      "buy_rules": {
        "stretching": {
          "mean": 0.692689757081943
        },
        "stretching_exit": {
          "mean": 1.148623959409532
        },
        "mola": {
          "mean": 0.868124002724202
        },
        "mola_exit": {
          "mean": 1.4028935613302924
        },
        "disp": {
          "mean": 0.25853756826855956
        },
        "disp_exit": {
          "mean": 2.3596153989847104
        },
        "velocity": {
          "mean": 0.044129367939540705
        },
        "velocity_exit": {
          "mean": -0.10867602801301274
        },
        "acceleration": {
          "mean": -0.1741627336513415
        },